,Id,Title,Location,Company,ContractType,ContractTime,Category,Salary,OpenDate,CloseDate,SourceName
63,69087828,Balance Sheet Accountant,London,Eames Consulting Risk,non-specified,non-specified,Accounting & Finance Jobs,84000.0,2013-09-14 15:00:00,2013-09-28 15:00:00,eFinancialCareers
203,69087918,MARKET LIQUIDITY RISK MANAGER,London,Millar Associates,non-specified,non-specified,Accounting & Finance Jobs,42500.0,2013-09-26 15:00:00,2013-10-10 15:00:00,eFinancialCareers
1208,70298491,Super CDP Modern Fine Dining Restaurant Central London immediate start,London,Regent Recruitment,non-specified,non-specified,Hospitality & Catering Jobs,21000.0,2012-09-24 12:00:00,2012-10-08 12:00:00,jobs.catererandhotelkeeper.com
1258,72228624,Snr CDP ****K Tadworth,Tadworth,Blue Arrow Guildford,non-specified,non-specified,Hospitality & Catering Jobs,22000.0,2013-08-21 15:00:00,2013-09-20 15:00:00,jobs.catererandhotelkeeper.com
1403,70292945,Head WaitressStunning ****AA Rosette RestaurantThe CityMonFri****,London,Dine Recruitment,non-specified,non-specified,Hospitality & Catering Jobs,25000.0,2013-02-18 12:00:00,2013-04-19 12:00:00,jobs.catererandhotelkeeper.com
1597,68544826,"SharePoint Specialist , Northampton , Home Working",Northampton,Mortimer Bell International Ltd,non-specified,permanent,IT Jobs,47500.0,2013-10-02 00:00:00,2013-12-01 00:00:00,jobsite.co.uk
2797,72691440,COMMERCIAL UNDERWRITER NORTH WEST 6 MNTHS UP TO ****K,Chester,Rz,non-specified,permanent,Accounting & Finance Jobs,17500.0,2012-02-14 00:00:00,2012-05-14 00:00:00,jobsite.co.uk
3582,72680205,Graduate Sales Marketing Assistant,Uk,Origin Rpm Ltd,non-specified,permanent,"PR, Advertising & Marketing Jobs",15000.0,2013-07-16 00:00:00,2013-08-15 00:00:00,jobsite.co.uk
3596,69688183,Warden Call Engineer,Kent,Dt Personnel Ltd,non-specified,permanent,Engineering Jobs,20500.0,2012-05-05 15:00:00,2012-06-04 15:00:00,jobsite.co.uk
3731,72689346,Senior IBM DB**** Database Administrator,Hertfordshire,At Peak Resourcing,non-specified,permanent,IT Jobs,50000.0,2012-03-11 00:00:00,2012-05-10 00:00:00,jobsite.co.uk
3899,68347524,Multiskilled Maintenance Engineer (Mechanical / Electrical),Uk,Rise Technical Recruitment Ltd,non-specified,permanent,Engineering Jobs,24000.0,2012-09-09 12:00:00,2012-11-08 12:00:00,jobsite.co.uk
3937,69692639,Infrastructure Analyst / 3rd Line Support,Prescot,Rz,non-specified,permanent,IT Jobs,31000.0,2013-12-15 12:00:00,2014-03-15 12:00:00,jobsite.co.uk
4279,68807344,Retail / Marketing / Customer Service / Sales Trainee,London,Uk Local Ltd,non-specified,permanent,Sales Jobs,22000.0,2012-07-19 15:00:00,2012-08-18 15:00:00,jobsite.co.uk
4550,69687810,Heavy Plant Technician: Bordon / Petersfield,Petersfield,Alecto Recruitment Ltd,non-specified,permanent,Engineering Jobs,30500.0,2013-02-10 15:00:00,2013-05-11 15:00:00,jobsite.co.uk
4665,46631393,Night Nurse Darlington,Uk,Non-Specified,full_time,non-specified,Healthcare & Nursing Jobs,25000.0,2013-05-08 15:00:00,2013-07-07 15:00:00,careworx.co.uk
4770,46628409,Home Care Worker Jobs Uxbridge,London,Non-Specified,part_time,non-specified,Healthcare & Nursing Jobs,17280.0,2013-04-10 12:00:00,2013-05-10 12:00:00,careworx.co.uk
4795,49903575,Endoscopy Lead,Non-Specified,Non-Specified,non-specified,non-specified,Healthcare & Nursing Jobs,36750.0,2012-11-02 00:00:00,2012-12-02 00:00:00,careworx.co.uk
5007,46629350,Deputy Home Manager Sheffield,Sheffield,Non-Specified,full_time,non-specified,Healthcare & Nursing Jobs,24000.0,2013-07-30 12:00:00,2013-09-28 12:00:00,careworx.co.uk
5014,66190661,Support Worker Jobs Hove,Hove,Non-Specified,full_time,non-specified,Healthcare & Nursing Jobs,14380.0,2012-04-19 12:00:00,2012-05-19 12:00:00,careworx.co.uk
5116,46633624,ENT/Eye Scrub Theatre Nurse Job Northampton,Northampton,Non-Specified,full_time,non-specified,Healthcare & Nursing Jobs,28500.0,2013-07-19 12:00:00,2013-08-18 12:00:00,careworx.co.uk
5392,67959733,Care Assistant jobs Milton Keynes,Milton Keynes,Non-Specified,part_time,non-specified,Healthcare & Nursing Jobs,14755.0,2013-03-26 12:00:00,2013-05-25 12:00:00,careworx.co.uk
5865,46632961,Deputy Manager Job Bury Nursing Home,Bury,Non-Specified,full_time,non-specified,Healthcare & Nursing Jobs,26500.0,2012-09-15 15:00:00,2012-10-15 15:00:00,careworx.co.uk
5883,71204373,Renal Healthcare Technician Oxford,Oxford,Non-Specified,non-specified,non-specified,Healthcare & Nursing Jobs,26688.0,2013-04-08 12:00:00,2013-06-07 12:00:00,careworx.co.uk
5904,50882029,Staff Nurse DayCase Unit,Reading,Non-Specified,non-specified,non-specified,Healthcare & Nursing Jobs,25000.0,2012-08-30 15:00:00,2012-10-29 15:00:00,careworx.co.uk
6049,70682089,ITU Nurses London,London,Non-Specified,non-specified,non-specified,Healthcare & Nursing Jobs,59712.0,2013-05-05 12:00:00,2013-07-04 12:00:00,careworx.co.uk
6290,46632903,Home Manager Oldham,Oldham,Non-Specified,full_time,non-specified,Healthcare & Nursing Jobs,39000.0,2013-06-10 00:00:00,2013-08-09 00:00:00,careworx.co.uk
6320,70160077,Web Application Support Analyst,Kenilworth,I4 Recruitment Account,non-specified,non-specified,IT Jobs,32500.0,2013-05-22 00:00:00,2013-07-21 00:00:00,MyUkJobs
6630,71745227,"PARTTIME ACCOUNTS / ADMIN ASSISTANT, SHEFFIELD",Sheffield,Hot Recruitment Consultants Ltd,non-specified,non-specified,Accounting & Finance Jobs,18240.0,2012-03-04 12:00:00,2012-03-18 12:00:00,MyUkJobs
6835,67079656,Retentions Advisor,Manchester,Time Recruitment Solutions Ltd,non-specified,non-specified,Sales Jobs,15000.0,2012-08-11 12:00:00,2012-10-10 12:00:00,MyUkJobs
7516,72694761,"Principal Database Programmer Home based, UK",London,Nonstop Pharma,non-specified,non-specified,IT Jobs,55000.0,2013-08-01 12:00:00,2013-08-31 12:00:00,gojobsearch.co.uk
7522,70099840,Salesforce Technical Consultant,Non-Specified,Blue Pelican,non-specified,non-specified,IT Jobs,55000.0,2012-11-29 15:00:00,2013-01-28 15:00:00,gojobsearch.co.uk
7567,68373024,Network Systems Engineer WiFi,Hertfordshire,Matchtech,non-specified,non-specified,Engineering Jobs,47500.0,2013-11-28 15:00:00,2013-12-28 15:00:00,gojobsearch.co.uk
7713,69866302,SAP Business Consultant,Harrogate,Interquest Group,non-specified,non-specified,IT Jobs,27500.0,2012-11-01 15:00:00,2012-12-31 15:00:00,gojobsearch.co.uk
7753,68591993,Lead CRA UK,Berkshire,Sec Recruitment,non-specified,non-specified,Healthcare & Nursing Jobs,55000.0,2012-01-08 12:00:00,2012-03-08 12:00:00,gojobsearch.co.uk
10265,72236706,B2B sales Executive (Telematic Industry),Wetherby,Talentweb Ltd,non-specified,non-specified,Sales Jobs,23000.0,2013-08-04 12:00:00,2013-09-03 12:00:00,salestarget.co.uk
10294,69825565,Medical Sales Representative Orthopaedics (North East/York/Hull),North East England,Advance Recruitment,non-specified,non-specified,Sales Jobs,28500.0,2013-07-20 00:00:00,2013-09-18 00:00:00,salestarget.co.uk
10358,69188292,Field Sales Executive / New Business Executive,London,Randstad Sales,non-specified,non-specified,Sales Jobs,20500.0,2013-06-18 12:00:00,2013-07-02 12:00:00,salestarget.co.uk
10443,69188888,Finnish Speaking Market Research,London,Randstad Sales,non-specified,non-specified,Sales Jobs,16608.0,2012-10-12 12:00:00,2012-10-26 12:00:00,salestarget.co.uk
10730,69825421,Sales Agents Required,Uk,Niagara Healthcare,non-specified,non-specified,Sales Jobs,40000.0,2013-12-30 12:00:00,2014-01-13 12:00:00,salestarget.co.uk
10815,69802204,PENSION ADMINISTRATORS,Cheltenham,Adecco Group,non-specified,contract,Accounting & Finance Jobs,16320.0,2012-06-16 15:00:00,2012-07-16 15:00:00,totaljobs.com
11063,68685791,Fixed Asset Analyst,Warwickshire,Macildowie Associates,non-specified,permanent,Accounting & Finance Jobs,25000.0,2013-04-19 15:00:00,2013-07-18 15:00:00,totaljobs.com
11194,72448088,Client Systems Administrator,West Midlands,Blue Eskimo,non-specified,permanent,IT Jobs,25500.0,2012-12-18 12:00:00,2013-03-18 12:00:00,totaljobs.com
11616,68687477,Residential lettings Sales Negotiator,Worcester,Buzzrecruit.Com,non-specified,permanent,Sales Jobs,13500.0,2012-04-14 15:00:00,2012-06-13 15:00:00,totaljobs.com
11670,72444216,Field Sales Executive / Area Sales Representative,Reading,Glen Callum Associates Ltd,non-specified,permanent,Sales Jobs,32500.0,2013-06-15 12:00:00,2013-08-14 12:00:00,totaljobs.com
12236,68704989,1st/2nd Line Support Analyst,Blackpool,Modis,non-specified,contract,IT Jobs,30720.0,2013-08-24 00:00:00,2013-09-07 00:00:00,totaljobs.com
12521,68687086,Russian speaking Forex Marketing Manager,South East London,Language Matters,non-specified,permanent,"PR, Advertising & Marketing Jobs",24500.0,2012-11-05 00:00:00,2013-01-04 00:00:00,totaljobs.com
12787,66961783,Electro/Mechanical Maintenance Engineer,Lichfield,Adecco Group,non-specified,permanent,Engineering Jobs,21500.0,2013-07-18 15:00:00,2013-10-16 15:00:00,totaljobs.com
13238,68697025,Corporate Audit Senior **** Newton Abbot,Newton Abbot,Gravitas Recruitment Ltd,non-specified,permanent,Accounting & Finance Jobs,29000.0,2013-08-08 00:00:00,2013-11-06 00:00:00,totaljobs.com
13280,72230854,Premium Recovery Investigator,Sevenoaks,Gerrard White,non-specified,permanent,Accounting & Finance Jobs,17000.0,2013-07-02 15:00:00,2013-09-30 15:00:00,totaljobs.com
13313,68678905,Interim Financial Accountant / Analyst,Uk,Vitae Financial Recruitment,non-specified,contract,Accounting & Finance Jobs,63000.0,2013-02-03 12:00:00,2013-03-05 12:00:00,totaljobs.com
13610,69169710,Accredited Clinical Coder,Uk,Concept It,non-specified,contract,IT Jobs,54000.0,2012-10-07 15:00:00,2012-12-06 15:00:00,totaljobs.com
13847,68667536,IVA Drafter,Uk,Benjamin James Consultancy,non-specified,permanent,Accounting & Finance Jobs,20000.0,2013-03-13 12:00:00,2013-06-11 12:00:00,totaljobs.com
13960,71425999,Process Engineer (Moulding),Swindon,Aes Technical & Executive Consultants,non-specified,permanent,Engineering Jobs,36500.0,2013-12-16 12:00:00,2014-03-16 12:00:00,totaljobs.com
14175,68095174,Billings & Credit Control Clerk,South East London,Page Personnel Finance,non-specified,permanent,Accounting & Finance Jobs,24000.0,2013-06-09 12:00:00,2013-07-09 12:00:00,totaljobs.com
15243,68709162,French Speaking Helpdesk Analyst,East Sheen,Modis,non-specified,permanent,IT Jobs,27500.0,2012-11-04 15:00:00,2012-12-04 15:00:00,totaljobs.com
15506,68682029,Email Template Designer ( Web Design/HTML/CSS ),Uk,It Executive,non-specified,permanent,IT Jobs,22500.0,2012-11-08 00:00:00,2012-12-08 00:00:00,totaljobs.com
15643,71431776,Fabric Technician,Newbury,Phoenix Resourcing Services Prs,non-specified,permanent,Engineering Jobs,22500.0,2013-12-16 12:00:00,2014-03-16 12:00:00,totaljobs.com
15671,71184486,Human Resources Benefits Payroll Off,Uk,Sf Group,non-specified,permanent,Accounting & Finance Jobs,29000.0,2013-11-01 00:00:00,2013-12-01 00:00:00,totaljobs.com
15976,72451271,Trainee Freight Account Manager,Leicestershire,Prime Time Recruitment,non-specified,permanent,Sales Jobs,18500.0,2013-01-23 15:00:00,2013-04-23 15:00:00,totaljobs.com
16005,68062757,Senior Quality Technician,Corby,Pmp Solutions,non-specified,permanent,Healthcare & Nursing Jobs,24000.0,2012-01-27 12:00:00,2012-02-26 12:00:00,totaljobs.com
16118,68684351,Interim Assistant Accountant,Woking,Robert Half Guildford,non-specified,contract,IT Jobs,24960.0,2012-12-09 00:00:00,2013-01-08 00:00:00,totaljobs.com
16236,68709971,Ad Operations Assistant,East Sheen,The Graduate Recruitment Company,non-specified,permanent,IT Jobs,20000.0,2012-07-31 12:00:00,2012-10-29 12:00:00,totaljobs.com
16328,72443359,Experienced Machinist Vertical Borer (Heavy Engineering),Uk,Morson International,non-specified,permanent,Engineering Jobs,20000.0,2013-06-11 12:00:00,2013-08-10 12:00:00,totaljobs.com
16405,72440164,Marine Project Engineer,Uk,Akton Recruitment,non-specified,permanent,Engineering Jobs,35000.0,2012-04-29 15:00:00,2012-06-28 15:00:00,totaljobs.com
16713,68696815,Entry Level Financial Services,Edinburgh Technopole,Badenoch & Clark Edinburgh,non-specified,contract,Accounting & Finance Jobs,13920.0,2012-11-14 15:00:00,2012-12-14 15:00:00,totaljobs.com
16922,68685047,Linux Software Engineer,Frome,Gold Group Ltd,non-specified,permanent,IT Jobs,32500.0,2012-12-13 15:00:00,2013-03-13 15:00:00,totaljobs.com
17041,68710787,Senior Car Sales Supervisor,Portsmouth,Adecco Group,non-specified,permanent,Sales Jobs,32500.0,2012-02-24 15:00:00,2012-03-25 15:00:00,totaljobs.com
17210,71186192,"Test Engineer, Materials Engineering",Uk,Euro Projects Recruitment,non-specified,permanent,Engineering Jobs,30000.0,2012-10-10 12:00:00,2013-01-08 12:00:00,totaljobs.com
17321,68692009,C++ Software Developer / Software Engineer,Burgess Hill,Support Services Group,non-specified,permanent,IT Jobs,35000.0,2013-07-13 00:00:00,2013-10-11 00:00:00,totaljobs.com
18184,69593197,RMN Leeds,Uk,Capita Resourcing Social Care And Housing,non-specified,contract,Healthcare & Nursing Jobs,25920.0,2013-09-18 12:00:00,2013-10-18 12:00:00,totaljobs.com
18879,68062545,A New Professional Career Part Time / Full Time,Crawley,Hiredonline,part_time,non-specified,Sales Jobs,15000.0,2013-06-23 00:00:00,2013-08-22 00:00:00,totaljobs.com
18980,71433641,Telecoms Technician,Chesterfield,Benchmark Recruit,non-specified,permanent,IT Jobs,25000.0,2012-11-09 12:00:00,2013-02-07 12:00:00,totaljobs.com
19002,72441932,CHEF DE PARTIE BUCKINGHAMSHIRE ****AA STRAIGHT SHIFTS,Marlow,Support Services Group,non-specified,permanent,Hospitality & Catering Jobs,19500.0,2012-09-19 12:00:00,2012-10-19 12:00:00,totaljobs.com
19059,68703862,Technician Folkestone,Folkestone,Mw Appointments,non-specified,permanent,Accounting & Finance Jobs,18500.0,2013-05-10 15:00:00,2013-07-09 15:00:00,totaljobs.com
19429,70254075,Sole Charge Book Keeper,Uk,Interaction Watford,non-specified,permanent,Accounting & Finance Jobs,24960.0,2013-08-06 15:00:00,2013-11-04 15:00:00,totaljobs.com
19488,68695932,Catering/ Kitchen Assistant,Leeds,Skyblue Solutions Leeds,non-specified,contract,Hospitality & Catering Jobs,11836.0,2013-10-12 15:00:00,2013-11-11 15:00:00,totaljobs.com
19634,67643933,PA To Headmistress,Brighton,Solutions 2 Recruitment,part_time,permanent,Teaching Jobs,19500.0,2012-12-24 15:00:00,2013-01-23 15:00:00,cv-library.co.uk
19674,69538452,Maths Teacher Required In Birmingham,Uk,Teacheractive,non-specified,contract,Teaching Jobs,30000.0,2012-03-09 12:00:00,2012-03-23 12:00:00,cv-library.co.uk
19923,68218693,Maintenance Engineer Team Leader,Corby,Solos Consultants Ltd,non-specified,permanent,Engineering Jobs,37500.0,2012-10-26 12:00:00,2013-01-24 12:00:00,cv-library.co.uk
20033,68218046,Lead Engineer/Technical Authority Power Electronics,Essex,Encore Technical Solutions,non-specified,permanent,Engineering Jobs,45000.0,2013-07-06 12:00:00,2013-08-05 12:00:00,cv-library.co.uk
20294,69932843,Junior RAV (Regression and Validation) Test Engineer,Stevenage,Ceema Recruitment,non-specified,permanent,Engineering Jobs,27500.0,2012-10-27 15:00:00,2012-12-26 15:00:00,cv-library.co.uk
20331,69081197,Production Support Engineer,Fareham,Workshop Recruitment,non-specified,permanent,Engineering Jobs,32500.0,2012-08-08 00:00:00,2012-09-07 00:00:00,cv-library.co.uk
20341,72635560,Site Maintenance Engineer (ElectroMechanical),Birmingham,Rise Technical Recruitment,non-specified,permanent,Engineering Jobs,28500.0,2013-02-01 00:00:00,2013-05-02 00:00:00,cv-library.co.uk
20359,69748404,Pharmacist Band 6 or ****,London,Atlantis Medical,non-specified,contract,Healthcare & Nursing Jobs,54720.0,2012-09-13 15:00:00,2012-09-27 15:00:00,cv-library.co.uk
20363,70768049,Sales Professionals Building Materials Midlands,East Midlands,Major Technical Services,non-specified,permanent,Sales Jobs,32500.0,2012-12-02 12:00:00,2013-01-01 12:00:00,cv-library.co.uk
20369,71125862,H S Data Analyst,London,Coyle Personnel,non-specified,contract,Engineering Jobs,32500.0,2013-09-06 00:00:00,2013-11-05 00:00:00,cv-library.co.uk
20630,69004606,Internal Sales Account Manager Wigan ****kOTEBEN,Wigan,Penguin Recruitment,non-specified,permanent,Sales Jobs,18500.0,2012-11-29 15:00:00,2012-12-29 15:00:00,cv-library.co.uk
20834,69966208,Mechanical Design Engineer (Pipework),Runcorn,Rise Technical Recruitment,non-specified,permanent,Engineering Jobs,35000.0,2012-06-08 12:00:00,2012-08-07 12:00:00,cv-library.co.uk
21052,70607762,CE I Designer,Warrington,Bps,non-specified,permanent,Engineering Jobs,29000.0,2012-12-13 00:00:00,2013-03-13 00:00:00,cv-library.co.uk
21349,69000557,Field Sales Rep,Milton Keynes,Gi Group,non-specified,permanent,Sales Jobs,22500.0,2013-12-29 12:00:00,2014-03-29 12:00:00,cv-library.co.uk
21656,69022617,Document Solutions Field Sales Executive,Wakefield,Concept Recruitment Group Ltd,non-specified,permanent,IT Jobs,32500.0,2013-09-14 00:00:00,2013-10-14 00:00:00,cv-library.co.uk
22093,71749851,Reception Teacher (SEN),Uk,Exclusive Education,non-specified,contract,Teaching Jobs,26400.0,2013-11-18 15:00:00,2013-12-18 15:00:00,cv-library.co.uk
22268,70763623,Theatre Nurse ODP Scrub major orthopaedics),Norwich,Hcl Nursing,non-specified,contract,Healthcare & Nursing Jobs,50880.0,2013-07-02 00:00:00,2013-08-01 00:00:00,cv-library.co.uk
22454,62623511,Press Shop Operative,West Yorkshire,The Works Uk Ltd,non-specified,contract,Engineering Jobs,12480.0,2012-06-25 12:00:00,2012-07-09 12:00:00,cv-library.co.uk
22484,69541541,ERP Application Support Analyst/Programmer,Leicestershire,Morson International,non-specified,permanent,IT Jobs,30000.0,2013-12-04 15:00:00,2014-02-02 15:00:00,cv-library.co.uk
22715,72547454,"Linux Systems Administrator (Sys Admin, Bash, LAMP)",Brighton,Arc It Recruitment,non-specified,permanent,IT Jobs,27500.0,2012-12-25 00:00:00,2013-01-24 00:00:00,cv-library.co.uk
22867,70758414,Fleet Sales Executive,Non-Specified,Persuto Automotive,non-specified,permanent,Accounting & Finance Jobs,30000.0,2012-08-02 15:00:00,2012-09-01 15:00:00,cv-library.co.uk
23288,67638283,Inside Sales Representative IT Training Courses,London,Aarca Sales Recruitment,non-specified,permanent,Sales Jobs,27000.0,2012-12-20 12:00:00,2013-02-18 12:00:00,cv-library.co.uk
23289,72546113,Microsoft Exchange Engineer (Exp of **** mailboxes req),West Malling,Capita Resourcing,non-specified,permanent,IT Jobs,42500.0,2012-01-24 00:00:00,2012-04-23 00:00:00,cv-library.co.uk
23366,70438630,Auto Electrical Technician,York,Kinetic Plc,non-specified,contract,Engineering Jobs,24000.0,2012-02-08 12:00:00,2012-03-09 12:00:00,cv-library.co.uk
24209,69080715,Solar Electrician,Colchester,White Recruitment Ltd,non-specified,permanent,Engineering Jobs,28500.0,2013-03-10 15:00:00,2013-04-09 15:00:00,cv-library.co.uk
24237,71554929,Part Time Accounts Senior (practice background essential),Sevenoaks,Prospect Recruitment Ltd,part_time,contract,Accounting & Finance Jobs,25000.0,2012-01-13 00:00:00,2012-01-27 00:00:00,cv-library.co.uk
24451,69005957,ITQ Internal Verifier (NVQ and Learn Direct),Birmingham,Km Education Recruitment Ltd,non-specified,permanent,Teaching Jobs,25840.0,2013-07-26 00:00:00,2013-08-25 00:00:00,cv-library.co.uk
24491,67299029,Sales Executive (Cirencester),Cirencester,Logistics Job Shop,non-specified,permanent,Sales Jobs,45500.0,2013-12-02 15:00:00,2014-01-31 15:00:00,cv-library.co.uk
24708,70607744,Senior Mechanical Design EngineerOil Gas,Cheshire,Rise Technical Recruitment,non-specified,permanent,Engineering Jobs,45000.0,2012-06-27 12:00:00,2012-08-26 12:00:00,cv-library.co.uk
24907,66890393,Food Beverage Manager,Oxfordshire,Adecco,non-specified,permanent,Hospitality & Catering Jobs,18750.0,2012-05-29 15:00:00,2012-06-28 15:00:00,cv-library.co.uk
25160,70761046,"Second in Charge teacher of Secondary Science ****i/c, Physics Che",Greenwich,Itper,non-specified,contract,Teaching Jobs,36000.0,2013-11-21 12:00:00,2013-12-05 12:00:00,cv-library.co.uk
25473,67018856,Maintenance Lead Hand (electrical),Leicestershire,Rise Technical Recruitment,non-specified,permanent,Engineering Jobs,30600.0,2013-07-16 12:00:00,2013-09-14 12:00:00,cv-library.co.uk
26066,71125746,Heating and Mechanical Engineer,Suffolk,Fusion People Ltd,non-specified,permanent,Engineering Jobs,25500.0,2012-05-02 15:00:00,2012-07-01 15:00:00,cv-library.co.uk
26573,69794228,"Nurse Case Manager, Brigton, F/T",Brighton,Cvbrowser,full_time,permanent,Healthcare & Nursing Jobs,31200.0,2012-06-10 15:00:00,2012-08-09 15:00:00,cvbrowser.com
26705,71844081,International Exhibition Brand Marketing Manager,London,Ttcs Recruitment,full_time,permanent,"PR, Advertising & Marketing Jobs",35000.0,2013-04-14 15:00:00,2013-06-13 15:00:00,jobs.guardian.co.uk
26744,69052118,Sponsorship Account Manager,London,Major Players,full_time,contract,Hospitality & Catering Jobs,39500.0,2012-01-22 00:00:00,2012-04-21 00:00:00,jobs.guardian.co.uk
26858,68540547,Marketing Manager (6 month contract),London,Esp Recruitment,full_time,permanent,"PR, Advertising & Marketing Jobs",30000.0,2012-08-06 12:00:00,2012-11-04 12:00:00,jobs.guardian.co.uk
26875,69745602,Reception Class Teaching Post to Start February 2013,Surrey,Academics Ltd,full_time,contract,Teaching Jobs,32775.0,2012-05-19 15:00:00,2012-06-18 15:00:00,jobs.guardian.co.uk
26938,68384942,Commercial Analyst – Media/Content,London,Sauce Recruitment,full_time,permanent,Accounting & Finance Jobs,52500.0,2013-04-08 15:00:00,2013-05-08 15:00:00,jobs.guardian.co.uk
27086,70006296,Trainee Recruitment Consultants Required City Based Start ASAP,London,Aston Carter,full_time,permanent,Sales Jobs,35000.0,2012-01-18 12:00:00,2012-02-17 12:00:00,jobs.guardian.co.uk
27461,69643834,Graduate Copywriter ****,Essex,Step Enterprise,full_time,contract,"PR, Advertising & Marketing Jobs",10416.0,2013-12-13 00:00:00,2014-02-11 00:00:00,jobs.guardian.co.uk
27592,71194410,Secondary Teachers Key Stage ****ey Stage **** and Key Stage ****: Kent,Kent,4Myschools,part_time,contract,Teaching Jobs,30000.0,2012-03-28 12:00:00,2012-04-27 12:00:00,jobs.guardian.co.uk
27824,67614848,Risk Analytics and Strategy Manager,Midlothian,Aspire Data Recruitment,full_time,permanent,IT Jobs,45000.0,2012-06-13 12:00:00,2012-08-12 12:00:00,planetrecruit.com
28222,55409543,Two C++ Software Engineers,Hertfordshire,Enterprise Recruitment Ltd,full_time,permanent,Engineering Jobs,40000.0,2013-05-21 12:00:00,2013-06-20 12:00:00,planetrecruit.com
28750,67443507,Health Care Assistants/Support workers,Windsor,Meridian Manpower,part_time,non-specified,Healthcare & Nursing Jobs,14880.0,2013-08-21 00:00:00,2013-09-20 00:00:00,Jobcentre Plus
28871,69554663,Domiciliary Care Supervisor/ Team Leader,Milton Keynes,Castlerock Recruitment Group,full_time,non-specified,Healthcare & Nursing Jobs,14400.0,2012-02-08 00:00:00,2012-04-08 00:00:00,Jobcentre Plus
29286,72151524,Got Skills in Retail or Customer Services?,Northampton,Anglian Home Improvement,full_time,non-specified,"PR, Advertising & Marketing Jobs",22000.0,2013-12-23 00:00:00,2014-03-23 00:00:00,Jobcentre Plus
29439,66538193,Front of House Temporary Catering Assistants,Woking,Personnel Selection,full_time,non-specified,Hospitality & Catering Jobs,12480.0,2013-07-05 00:00:00,2013-10-03 00:00:00,Jobcentre Plus
29571,67106899,START Worker,Scarborough,North Yorkshire County Council,part_time,non-specified,Healthcare & Nursing Jobs,18711.0,2012-11-03 00:00:00,2013-01-02 00:00:00,Jobcentre Plus
29585,72600741,Care Assistants needed in Kidderminster,Kidderminster,Active Assistance,full_time,non-specified,Healthcare & Nursing Jobs,15840.0,2013-10-25 15:00:00,2013-12-24 15:00:00,Jobcentre Plus
29953,70774047,Collections Adviser,Redditch,Non-Specified,full_time,non-specified,Accounting & Finance Jobs,13000.0,2013-09-11 15:00:00,2013-12-10 15:00:00,Jobcentre Plus
31273,67946059,C / VBNET Developer,Fareham,Matchtech Group Plc,non-specified,non-specified,Engineering Jobs,35000.0,2012-02-03 15:00:00,2012-03-04 15:00:00,rengineeringjobs.com
31320,67946347,Sharepoint Infrastructure Consultant,London,Matchtech Group Plc,non-specified,non-specified,Engineering Jobs,51500.0,2013-09-29 15:00:00,2013-10-29 15:00:00,rengineeringjobs.com
31497,69669250,Leakage Level 3,Coventry,Matchtech Group Plc,non-specified,non-specified,Engineering Jobs,18720.0,2012-11-02 15:00:00,2013-01-01 15:00:00,rengineeringjobs.com
31795,66983756,Calling all Visual C++ Engineers,Cheltenham,Non-Specified,non-specified,permanent,IT Jobs,42500.0,2013-07-21 15:00:00,2013-08-20 15:00:00,theitjobboard.co.uk
32146,69164205,C Developer ASPNet MVC Web,St. Albans,Non-Specified,non-specified,permanent,IT Jobs,62500.0,2013-03-24 15:00:00,2013-06-22 15:00:00,theitjobboard.co.uk
32761,67101475,Senior Commercial Business Analyst,Berkshire,Reed Specialist Recruitment,full_time,permanent,Accounting & Finance Jobs,50000.0,2012-10-19 15:00:00,2013-01-17 15:00:00,GAAPweb
32821,67101243,Accounting Policy Associate,Gloucestershire,Cmc Consulting,full_time,permanent,Accounting & Finance Jobs,37500.0,2013-05-26 00:00:00,2013-06-25 00:00:00,GAAPweb
32947,67098497,Business Performance Analyst,Cambridgeshire,Robertson Bell,full_time,permanent,Accounting & Finance Jobs,35000.0,2012-08-11 15:00:00,2012-11-09 15:00:00,GAAPweb
33758,66551893,Host/Hostess drinks and canape's,London,Hamilton Mayday,non-specified,non-specified,Hospitality & Catering Jobs,15840.0,2013-07-22 00:00:00,2013-09-20 00:00:00,caterer.com
33785,71275597,PERM CHEF JOBS ACROSS OXFORDSHIRE COMMIS TO EXEC,Oxfordshire,Goldstar Recruitment,non-specified,non-specified,Hospitality & Catering Jobs,29500.0,2012-08-28 15:00:00,2012-09-11 15:00:00,caterer.com
35501,68495992,Product Validation Engineer,Horsforth,Estio Technology Recruitment,non-specified,permanent,IT Jobs,26500.0,2013-03-07 15:00:00,2013-04-06 15:00:00,jobserve.com
35698,65429413,Senior C WCF Developer Flexi Working Nottingham ****K,Clifton,Executive Resource Group Ltd,non-specified,permanent,IT Jobs,37500.0,2012-03-17 15:00:00,2012-04-16 15:00:00,jobserve.com
35889,72373329,"Senior Software Engineer (Windows, TCP/IP, Mobile communications)",Farnborough,Optimus Search Ltd,non-specified,contract,IT Jobs,72000.0,2013-04-17 15:00:00,2013-05-17 15:00:00,jobserve.com
36421,69976406,Business Proposition Lead,Sheffield,Hays Telecoms,non-specified,permanent,IT Jobs,36500.0,2012-07-16 15:00:00,2012-10-14 15:00:00,jobserve.com
36812,68360151,ASPNET Developer MVC****,Surrey,H&R Talent,non-specified,contract,IT Jobs,81000.0,2013-05-22 15:00:00,2013-06-21 15:00:00,cwjobs.co.uk
36931,68360132,Client Engagement Manager,South East London,Cps Group Uk,non-specified,permanent,IT Jobs,75000.0,2013-08-29 12:00:00,2013-09-28 12:00:00,cwjobs.co.uk
36935,68359298,"Technical Project Manager / Scrum Master (Agile, Java, Product)",South East London,Anson Mccade,non-specified,permanent,IT Jobs,70000.0,2013-07-04 15:00:00,2013-09-02 15:00:00,cwjobs.co.uk
37308,69756646,Lotus Notes Developer,Uk,Solutions Recruitment,non-specified,permanent,IT Jobs,32500.0,2013-08-15 15:00:00,2013-11-13 15:00:00,cwjobs.co.uk
37465,68361115,"Application Support Engineer,SQL,IIS,Deployment,TSQL,****k Berks",Reading,Roc Search,non-specified,permanent,IT Jobs,41500.0,2013-12-20 00:00:00,2014-01-19 00:00:00,cwjobs.co.uk
37636,69545395,"Software/Games Developer – C++, Java – West Country AMAZING PACKAGE",Dorset,Precis Recruitment Solutions,non-specified,permanent,IT Jobs,55000.0,2013-10-30 15:00:00,2013-11-29 15:00:00,cwjobs.co.uk
37663,69037594,Email Migration Analyst Office ****/MS Exchange,South East London,Reed Technology,non-specified,contract,IT Jobs,91440.0,2013-01-26 00:00:00,2013-03-27 00:00:00,cwjobs.co.uk
38667,68359349,Web Operations Engineer,East Sheen,Trent Pearce,non-specified,permanent,IT Jobs,32500.0,2013-06-13 00:00:00,2013-09-11 00:00:00,cwjobs.co.uk
38959,71565800,"Java Developer | HTML, CSS, JavaScript, Java",Yorkshire And Humberside,Northern Employment Services Ltd,non-specified,permanent,IT Jobs,25000.0,2012-07-21 00:00:00,2012-09-19 00:00:00,cwjobs.co.uk
39272,66913356,IT Support / Field Engineer,Uk,Secta Appointments,non-specified,permanent,IT Jobs,23500.0,2012-07-31 00:00:00,2012-09-29 00:00:00,cwjobs.co.uk
39396,71565531,Field Asset Audit Engineer,Hampshire,Polar Recruitment,non-specified,contract,IT Jobs,23040.0,2012-11-19 12:00:00,2013-01-18 12:00:00,cwjobs.co.uk
39477,70612624,Allied Health Care Professional : Laser Optometrist Jobs in Aberdeen,Aberdeenshire,Non-Specified,non-specified,non-specified,Healthcare & Nursing Jobs,42500.0,2012-04-15 12:00:00,2012-05-15 12:00:00,jobs4medical.co.uk
39955,56366022,ICT Trained Teacher Required in South East London,London,Synarbor Education,full_time,permanent,Teaching Jobs,30600.0,2012-06-05 00:00:00,2012-07-05 00:00:00,jobsineducation.co.uk
40168,70615728,Loans Closer,London,Cer Financial,non-specified,permanent,Accounting & Finance Jobs,75000.0,2013-01-04 12:00:00,2013-02-03 12:00:00,cityjobs.com
40235,70615834,Claims Assistant,London,Plumstead Bond Ltd,non-specified,non-specified,Accounting & Finance Jobs,27500.0,2013-02-05 15:00:00,2013-04-06 15:00:00,cityjobs.com
41141,69273583,Telesales/Lead Generators,Peterborough,The One Group,full_time,permanent,Sales Jobs,15500.0,2013-04-27 00:00:00,2013-07-26 00:00:00,strike-jobs.co.uk
41478,68803526,Water Treatment Area Manager,Cambridgeshire,Matchtech Group,full_time,permanent,Engineering Jobs,40000.0,2013-11-27 15:00:00,2013-12-27 15:00:00,jobs.newstatesman.com
41505,71281134,Welsh Medium Primary Teachers,Yorkshire And Humberside,Itn Mark Education Cardiff,full_time,contract,Teaching Jobs,21250.0,2013-06-12 15:00:00,2013-07-12 15:00:00,jobs.newstatesman.com
42651,72598696,Senior Regional Partnership Manager – South,South West England,Ucas,non-specified,non-specified,Teaching Jobs,43600.0,2013-06-06 00:00:00,2013-08-05 00:00:00,Jobs Ac
43021,71227199,Commercial FD IT Director,Uk,Wheale Thomas Hodgins Bristol,full_time,permanent,Accounting & Finance Jobs,90000.0,2013-10-14 12:00:00,2013-12-13 12:00:00,fish4.co.uk
43333,69199041,Part Quallified Accountant,Uk,Holden Jones Financial Recruitment,full_time,permanent,Accounting & Finance Jobs,33500.0,2012-08-01 15:00:00,2012-10-30 15:00:00,fish4.co.uk
43532,62121329,CALLING ALL HERTFORDSHIRE SCIENCE TEACHERS,Uk,Teachin,full_time,permanent,Teaching Jobs,31800.0,2012-05-22 15:00:00,2012-08-20 15:00:00,fish4.co.uk
44058,72702840,Clinical Product Specialist: South Midlands / Cardiology Devices,East Midlands,Bwb Associates Trading As Bw Penman,non-specified,permanent,Healthcare & Nursing Jobs,41500.0,2012-11-28 00:00:00,2013-02-26 00:00:00,emedcareers.com
44845,71772441,"Physiotherapy Manager, Dorset **** ****",London,Pulse Healthcare,non-specified,permanent,Healthcare & Nursing Jobs,42500.0,2013-03-20 15:00:00,2013-04-19 15:00:00,jobg8.com
45157,69771232,Retail Marketing Coordinator,Buckinghamshire,Non-Specified,non-specified,non-specified,"PR, Advertising & Marketing Jobs",26500.0,2013-05-22 00:00:00,2013-06-05 00:00:00,onlymarketingjobs.com
45390,69557290,Year **** **** & **** Primary Teacher (**** Terms),North London,Ppa Education Ltd,non-specified,contract,Teaching Jobs,33000.0,2012-11-27 15:00:00,2012-12-11 15:00:00,careers4a.com
45661,67938987,Teacher of English: London Borough of Tower Hamlets,London,Non-Specified,non-specified,contract,Teaching Jobs,31200.0,2012-11-03 15:00:00,2012-11-17 15:00:00,hays.co.uk
45751,68263412,Lead PHP Developer (LAMP),Oxford,Non-Specified,non-specified,permanent,IT Jobs,55000.0,2012-04-04 00:00:00,2012-06-03 00:00:00,hays.co.uk
45759,70090627,Triage Nurse Advisor,Bristol,Non-Specified,non-specified,contract,Healthcare & Nursing Jobs,44160.0,2012-03-27 12:00:00,2012-05-26 12:00:00,hays.co.uk
46051,64678283,Facade Designer,Belfast,Hays Specialist Recruitment,full_time,permanent,Engineering Jobs,30000.0,2013-07-28 00:00:00,2013-08-27 00:00:00,nijobfinder.co.uk
46146,70238578,Contract IT Auditor (6 Months) – Banking,London,Austin Andrew,full_time,permanent,Accounting & Finance Jobs,82500.0,2013-05-28 00:00:00,2013-08-26 00:00:00,careersinaudit.com
46568,72226628,Optometrists Jobs in Milton Keynes,Buckinghamshire,Flame Health Associates Llp,non-specified,non-specified,Healthcare & Nursing Jobs,35000.0,2013-02-12 15:00:00,2013-03-14 15:00:00,jobs.opticianonline.net
46718,72432699,Electrical Integration Engineer (ADAS),Coventry,Altran,non-specified,permanent,Engineering Jobs,37500.0,2012-06-21 12:00:00,2012-08-20 12:00:00,tntjobs.co.uk
46728,70717320,Registered Nurse (Independent Sector),Manchester,Ttm Healthcare,non-specified,permanent,Healthcare & Nursing Jobs,25000.0,2013-04-29 00:00:00,2013-07-28 00:00:00,tntjobs.co.uk
47086,68849352,Experienced IT Support Consultant,Skipton,Recruitment 2000,non-specified,permanent,IT Jobs,19500.0,2013-04-27 12:00:00,2013-06-26 12:00:00,jobstoday.co.uk
47466,66148766,Legal Publishing Account Manager,Non-Specified,Euro London Appointments,non-specified,permanent,Sales Jobs,25500.0,2012-09-08 12:00:00,2012-10-08 12:00:00,Multilingualvacancies
47598,68379119,Investment Solutions Strategist,London,Psd,non-specified,permanent,Accounting & Finance Jobs,50000.0,2012-09-11 15:00:00,2012-11-10 15:00:00,professionalpensionsjobs.com
47745,66910204,Event Producer,London,Royall Appointments,full_time,permanent,"PR, Advertising & Marketing Jobs",37500.0,2012-04-19 00:00:00,2012-07-18 00:00:00,eventjobsearch.co.uk
47856,56281723,Assistant Contracts Manager,Leicestershire,Informatiq Consulting,full_time,permanent,Accounting & Finance Jobs,32500.0,2012-02-11 15:00:00,2012-04-11 15:00:00,jobsfinancial.com
48156,68704692,Graduate SoftwareWeb Developer,London,Non-Specified,non-specified,non-specified,IT Jobs,25000.0,2012-01-12 12:00:00,2012-03-12 12:00:00,grb.uk.com
48250,,Lead CRA UK,Berkshire,Sec Recruitment,full_time,non-specified,Healthcare & Nursing Jobs,54999.96,2012-01-08 12:00:00,2012-03-08 12:00:00,www.jobhuntlisting.com
48272,,CE I Designer,Warrington,Bps,full_time,permanent,Engineering Jobs,29000.04,2012-12-13 00:00:00,2013-03-13 00:00:00,www.jobhuntlisting.com
48279,,Legal Publishing Account Manager,The City,Euro London Appointments,full_time,permanent,Sales Jobs,25500.0,2012-09-08 12:00:00,2012-10-08 12:00:00,www.jobhuntlisting.com
48320,,C Developer ASPNet MVC Web,St. Albans,,full_time,permanent,IT Jobs,62499.96,2013-03-24 15:00:00,2013-06-22 15:00:00,www.jobhuntlisting.com
48321,,Internal Sales Account Manager Wigan ****kOTEBEN,Wigan,Penguin Recruitment,full_time,permanent,Sales Jobs,18500.04,2012-11-29 15:00:00,2012-12-29 15:00:00,www.jobhuntlisting.com
48329,,Renal Healthcare Technician Oxford,Oxford,,full_time,non-specified,Healthcare & Nursing Jobs,26688.0,2013-04-08 12:00:00,2013-06-07 12:00:00,www.jobhuntlisting.com
48350,,Field Sales Rep,Milton Keynes,Gi Group,full_time,permanent,Sales Jobs,22500.0,2013-12-29 12:00:00,2014-03-29 12:00:00,www.jobhuntlisting.com
48358,,Sponsorship Account Manager,London,Major Players,full_time,contract,Hospitality & Catering Jobs,39500.04,2012-01-22 00:00:00,2012-04-21 00:00:00,www.jobhuntlisting.com
48364,,Collections Adviser,Redditch,,full_time,non-specified,Accounting & Finance Jobs,12999.96,2013-09-11 15:00:00,2013-12-10 15:00:00,www.jobhuntlisting.com
48387,,Trainee Recruitment Consultants Required City Based Start ASAP,London,Aston Carter,full_time,permanent,Sales Jobs,35000.04,2012-01-18 12:00:00,2012-02-17 12:00:00,www.jobhuntlisting.com
48459,,Maintenance Lead Hand (electrical),Leicestershire,Rise Technical Recruitment,full_time,permanent,Engineering Jobs,30600.0,2013-07-16 12:00:00,2013-09-14 12:00:00,www.jobhuntlisting.com
48468,,"Java Developer | HTML, CSS, JavaScript, Java",Yorkshire And Humberside,Northern Employment Services Ltd,full_time,permanent,IT Jobs,24999.96,2012-07-21 00:00:00,2012-09-19 00:00:00,www.jobhuntlisting.com
48471,,ERP Application Support Analyst/Programmer,Leicestershire,Morson International,full_time,permanent,IT Jobs,30000.0,2013-12-04 15:00:00,2014-02-02 15:00:00,www.jobhuntlisting.com
48507,,Press Shop Operative,West Yorkshire,The Works Uk Ltd,full_time,contract,Engineering Jobs,12480.0,2012-06-25 12:00:00,2012-07-09 12:00:00,www.jobhuntlisting.com
48561,,Part Quallified Accountant,Uk,Holden Jones Financial Recruitment,full_time,permanent,Accounting & Finance Jobs,33500.04,2012-08-01 15:00:00,2012-10-30 15:00:00,www.jobhuntlisting.com
48609,,Sales Professionals Building Materials Midlands,East Midlands,Major Technical Services,full_time,permanent,Sales Jobs,32499.96,2012-12-02 12:00:00,2013-01-01 12:00:00,www.jobhuntlisting.com
48642,,Telecoms Technician,Chesterfield,Benchmark Recruit,full_time,permanent,IT Jobs,24999.96,2012-11-09 12:00:00,2013-02-07 12:00:00,www.jobhuntlisting.com
48643,,Electro/Mechanical Maintenance Engineer,Lichfield,Adecco Group,full_time,permanent,Engineering Jobs,21500.04,2013-07-18 15:00:00,2013-10-16 15:00:00,www.jobhuntlisting.com
48670,,Auto Electrical Technician,York,Kinetic Plc,full_time,contract,Engineering Jobs,24000.0,2012-02-08 12:00:00,2012-03-09 12:00:00,www.jobhuntlisting.com
48675,,Sharepoint Infrastructure Consultant,London,Matchtech Group Plc.,full_time,non-specified,Engineering Jobs,51500.04,2013-09-29 15:00:00,2013-10-29 15:00:00,www.jobhuntlisting.com
48678,,Allied Health Care Professional : Laser Optometrist Jobs in Aberdeen,Aberdeenshire,,full_time,non-specified,Healthcare & Nursing Jobs,42500.04,2012-04-15 12:00:00,2012-05-15 12:00:00,www.jobhuntlisting.com
48682,,Optometrists Jobs in Milton Keynes,Buckinghamshire,Flame Health Associates Llp,full_time,non-specified,Healthcare & Nursing Jobs,35000.04,2013-02-12 15:00:00,2013-03-14 15:00:00,www.jobhuntlisting.com
48698,,Salesforce Technical Consultant,The City,Blue Pelican,full_time,non-specified,IT Jobs,54999.96,2012-11-29 15:00:00,2013-01-28 15:00:00,www.jobhuntlisting.com
48703,,Russian speaking Forex Marketing Manager,South East London,Language Matters,full_time,permanent,"PR, Advertising & Marketing Jobs",24500.04,2012-11-05 00:00:00,2013-01-04 00:00:00,www.jobhuntlisting.com
48740,,Balance Sheet Accountant,London,Eames Consulting Risk,full_time,non-specified,Accounting & Finance Jobs,84000.0,2013-09-14 15:00:00,2013-09-28 15:00:00,www.jobhuntlisting.com
48747,,Retentions Advisor,Manchester,Time Recruitment Solutions Ltd,full_time,non-specified,Sales Jobs,15000.0,2012-08-11 12:00:00,2012-10-10 12:00:00,www.jobhuntlisting.com
48749,,Experienced Machinist Vertical Borer (Heavy Engineering),Uk,Morson International.,full_time,permanent,Engineering Jobs,20000.04,2013-06-11 12:00:00,2013-08-10 12:00:00,www.jobhuntlisting.com
48763,,C / VBNET Developer,Fareham,Matchtech Group Plc.,full_time,non-specified,Engineering Jobs,35000.04,2012-02-03 15:00:00,2012-03-04 15:00:00,www.jobhuntlisting.com
48767,,PERM CHEF JOBS ACROSS OXFORDSHIRE COMMIS TO EXEC,Oxfordshire,Goldstar Recruitment,full_time,non-specified,Hospitality & Catering Jobs,29499.96,2012-08-28 15:00:00,2012-09-11 15:00:00,www.jobhuntlisting.com
48797,,Electrical Integration Engineer (ADAS),Coventry,Altran,full_time,permanent,Engineering Jobs,37500.0,2012-06-21 12:00:00,2012-08-20 12:00:00,www.jobhuntlisting.com
48838,,Corporate Audit Senior **** Newton Abbot,Newton Abbot,Gravitas Recruitment  Ltd,full_time,permanent,Accounting & Finance Jobs,29000.04,2013-08-08 00:00:00,2013-11-06 00:00:00,www.jobhuntlisting.com
48919,,Lotus Notes Developer,Uk,Solutions Recruitment,full_time,permanent,IT Jobs,32499.96,2013-08-15 15:00:00,2013-11-13 15:00:00,www.jobhuntlisting.com
48931,,Heating and Mechanical Engineer,Suffolk,Fusion People Ltd,full_time,permanent,Engineering Jobs,25500.0,2012-05-02 15:00:00,2012-07-01 15:00:00,www.jobhuntlisting.com
48963,,Graduate Copywriter ****,Essex,Step Enterprise,full_time,contract,"PR, Advertising & Marketing Jobs",10416.0,2013-12-13 00:00:00,2014-02-11 00:00:00,www.jobhuntlisting.com
48968,,Home Care Worker Jobs Uxbridge,London,,part_time,non-specified,Healthcare & Nursing Jobs,17280.0,2013-04-10 12:00:00,2013-05-10 12:00:00,www.jobhuntlisting.com
49010,,Home Manager Oldham,Oldham,,full_time,non-specified,Healthcare & Nursing Jobs,39000.0,2013-06-10 00:00:00,2013-08-09 00:00:00,www.jobhuntlisting.com
49062,,Deputy Home Manager Sheffield,Sheffield,,full_time,non-specified,Healthcare & Nursing Jobs,24000.0,2013-07-30 12:00:00,2013-09-28 12:00:00,www.jobhuntlisting.com
49075,,Senior Commercial Business Analyst,Berkshire,Reed Specialist Recruitment,full_time,permanent,Accounting & Finance Jobs,50000.04,2012-10-19 15:00:00,2013-01-17 15:00:00,www.jobhuntlisting.com
49113,,Maths Teacher Required In Birmingham,Uk,Teacheractive,full_time,contract,Teaching Jobs,30000.0,2012-03-09 12:00:00,2012-03-23 12:00:00,www.jobhuntlisting.com
49122,,Pharmacist Band 6 or ****,London,Atlantis Medical,full_time,contract,Healthcare & Nursing Jobs,54720.0,2012-09-13 15:00:00,2012-09-27 15:00:00,www.jobhuntlisting.com
49188,,Graduate SoftwareWeb Developer,London,Unknown   Auto Added By Vacany Import,full_time,non-specified,IT Jobs,24999.96,2012-01-12 12:00:00,2012-03-12 12:00:00,www.jobhuntlisting.com
49290,,Water Treatment Area Manager,Cambridgeshire,Matchtech Group,full_time,permanent,Engineering Jobs,39999.96,2013-11-27 15:00:00,2013-12-27 15:00:00,www.jobhuntlisting.com
49291,,Accredited Clinical Coder,Uk,Concept It,full_time,contract,IT Jobs,54000.0,2012-10-07 15:00:00,2012-12-06 15:00:00,www.jobhuntlisting.com
49322,,Night Nurse Darlington,Uk,,full_time,non-specified,Healthcare & Nursing Jobs,24999.96,2013-05-08 15:00:00,2013-07-07 15:00:00,www.jobhuntlisting.com
49345,,COMMERCIAL UNDERWRITER NORTH WEST 6 MNTHS UP TO ****K,Chester,Rz ,full_time,permanent,Accounting & Finance Jobs,17499.96,2012-02-14 00:00:00,2012-05-14 00:00:00,www.jobhuntlisting.com
49364,,Billings & Credit Control Clerk,South East London,Page Personnel Finance,full_time,permanent,Accounting & Finance Jobs,24000.0,2013-06-09 12:00:00,2013-07-09 12:00:00,www.jobhuntlisting.com
49386,,Endoscopy Lead,The City,,full_time,non-specified,Healthcare & Nursing Jobs,36750.0,2012-11-02 00:00:00,2012-12-02 00:00:00,www.jobhuntlisting.com
49436,,Assistant Contracts Manager,Leicestershire,Informatiq Consulting,full_time,permanent,Accounting & Finance Jobs,32499.96,2012-02-11 15:00:00,2012-04-11 15:00:00,www.jobhuntlisting.com
49499,,"Technical Project Manager / Scrum Master (Agile, Java, Product)",South East London,Anson Mccade,full_time,permanent,IT Jobs,69999.95999999999,2013-07-04 15:00:00,2013-09-02 15:00:00,www.jobhuntlisting.com
49557,,"Linux Systems Administrator (Sys Admin, Bash, LAMP)",Brighton,Arc It Recruitment,full_time,permanent,IT Jobs,27500.04,2012-12-25 00:00:00,2013-01-24 00:00:00,www.jobhuntlisting.com
49603,,Event Producer,London,Royall Appointments,full_time,permanent,"PR, Advertising & Marketing Jobs",37500.0,2012-04-19 00:00:00,2012-07-18 00:00:00,www.jobhuntlisting.com
49624,,Got Skills in Retail or Customer Services?,Northampton,Anglian Home Improvement,full_time,non-specified,"PR, Advertising & Marketing Jobs",21999.96,2013-12-23 00:00:00,2014-03-23 00:00:00,www.jobhuntlisting.com
49626,,"Principal Database Programmer Home based, UK",London,Nonstop Pharma,full_time,non-specified,IT Jobs,54999.96,2013-08-01 12:00:00,2013-08-31 12:00:00,www.jobhuntlisting.com
49685,,"SharePoint Specialist , Northampton , Home Working",Northampton,Mortimer Bell International Ltd.,full_time,permanent,IT Jobs,47499.96,2013-10-02 00:00:00,2013-12-01 00:00:00,www.jobhuntlisting.com
49756,,Senior Mechanical Design EngineerOil Gas,Cheshire,Rise Technical Recruitment,full_time,permanent,Engineering Jobs,45000.0,2012-06-27 12:00:00,2012-08-26 12:00:00,www.jobhuntlisting.com
49775,,Investment Solutions Strategist,London,Psd,full_time,permanent,Accounting & Finance Jobs,50000.04,2012-09-11 15:00:00,2012-11-10 15:00:00,www.jobhuntlisting.com
49780,,Production Support Engineer,Fareham,Workshop Recruitment,full_time,permanent,Engineering Jobs,32499.96,2012-08-08 00:00:00,2012-09-07 00:00:00,www.jobhuntlisting.com
49843,,Medical Sales Representative Orthopaedics (North East/York/Hull),North East England,Advance Recruitment,full_time,non-specified,Sales Jobs,28500.0,2013-07-20 00:00:00,2013-09-18 00:00:00,www.jobhuntlisting.com
49845,,Reception Teacher (SEN),Uk,Exclusive Education,full_time,contract,Teaching Jobs,26400.0,2013-11-18 15:00:00,2013-12-18 15:00:00,www.jobhuntlisting.com
49853,,Domiciliary Care Supervisor/ Team Leader,Milton Keynes,Castlerock Recruitment Group,full_time,non-specified,Healthcare & Nursing Jobs,14400.0,2012-02-08 00:00:00,2012-04-08 00:00:00,www.jobhuntlisting.com
49894,,Contract IT Auditor (6 Months) – Banking,London,Austin Andrew,full_time,permanent,Accounting & Finance Jobs,82500.0,2013-05-28 00:00:00,2013-08-26 00:00:00,www.jobhuntlisting.com
49920,,PENSION ADMINISTRATORS,Cheltenham,Adecco Group,full_time,contract,Accounting & Finance Jobs,16320.0,2012-06-16 15:00:00,2012-07-16 15:00:00,www.jobhuntlisting.com
49937,,Clinical Product Specialist: South Midlands / Cardiology Devices,East Midlands,Bwb Associates Trading As Bw Penman,full_time,permanent,Healthcare & Nursing Jobs,41499.96,2012-11-28 00:00:00,2013-02-26 00:00:00,www.jobhuntlisting.com
49951,,Loans Closer,London,Cer Financial,full_time,permanent,Accounting & Finance Jobs,75000.0,2013-01-04 12:00:00,2013-02-03 12:00:00,www.jobhuntlisting.com
49972,,"Physiotherapy Manager, Dorset **** ****",London,Pulse Healthcare,full_time,permanent,Healthcare & Nursing Jobs,42500.04,2013-03-20 15:00:00,2013-04-19 15:00:00,www.jobhuntlisting.com
49973,,"Test Engineer, Materials Engineering",Uk,Euro Projects Recruitment,full_time,permanent,Engineering Jobs,30000.0,2012-10-10 12:00:00,2013-01-08 12:00:00,www.jobhuntlisting.com
49993,,Catering/ Kitchen Assistant,Leeds,Skyblue Solutions   Leeds,full_time,contract,Hospitality & Catering Jobs,11835.960000000001,2013-10-12 15:00:00,2013-11-11 15:00:00,www.jobhuntlisting.com
50047,,ICT Trained Teacher Required in South East London,London,Synarbor Education,full_time,permanent,Teaching Jobs,30600.0,2012-06-05 00:00:00,2012-07-05 00:00:00,www.jobhuntlisting.com
50055,,Retail / Marketing / Customer Service / Sales Trainee,London,Uk Local Ltd,full_time,permanent,Sales Jobs,21999.96,2012-07-19 15:00:00,2012-08-18 15:00:00,www.jobhuntlisting.com
50071,,Health Care Assistants/Support workers,Windsor,Meridian Manpower,part_time,non-specified,Healthcare & Nursing Jobs,14880.0,2013-08-21 00:00:00,2013-09-20 00:00:00,www.jobhuntlisting.com
50075,,Mechanical Design Engineer (Pipework),Runcorn,Rise Technical Recruitment,full_time,permanent,Engineering Jobs,35000.04,2012-06-08 12:00:00,2012-08-07 12:00:00,www.jobhuntlisting.com
50211,,Client Systems Administrator,West Midlands,Blue Eskimo,full_time,permanent,IT Jobs,25500.0,2012-12-18 12:00:00,2013-03-18 12:00:00,www.jobhuntlisting.com
50267,,ENT/Eye Scrub Theatre Nurse Job Northampton,Northampton,,full_time,non-specified,Healthcare & Nursing Jobs,28500.0,2013-07-19 12:00:00,2013-08-18 12:00:00,www.jobhuntlisting.com
50349,,Reception Class Teaching Post to Start February 2013,Surrey,Academics Ltd,full_time,contract,Teaching Jobs,32775.0,2012-05-19 15:00:00,2012-06-18 15:00:00,www.jobhuntlisting.com
50353,,IT Support / Field Engineer,Uk,Secta Appointments,full_time,permanent,IT Jobs,23499.96,2012-07-31 00:00:00,2012-09-29 00:00:00,www.jobhuntlisting.com
50397,,Theatre Nurse ODP Scrub major orthopaedics),Norwich,Hcl Nursing,full_time,contract,Healthcare & Nursing Jobs,50880.0,2013-07-02 00:00:00,2013-08-01 00:00:00,www.jobhuntlisting.com
50410,,H S Data Analyst,London,Coyle Personnel,full_time,contract,Engineering Jobs,32499.96,2013-09-06 00:00:00,2013-11-05 00:00:00,www.jobhuntlisting.com
50417,,Junior RAV (Regression and Validation) Test Engineer,Stevenage,Ceema Recruitment,full_time,permanent,Engineering Jobs,27500.04,2012-10-27 15:00:00,2012-12-26 15:00:00,www.jobhuntlisting.com
50421,,Marine Project Engineer,Uk,Akton Recruitment,full_time,permanent,Engineering Jobs,35000.04,2012-04-29 15:00:00,2012-06-28 15:00:00,www.jobhuntlisting.com
50424,,Risk Analytics and Strategy Manager,Midlothian,Aspire Data Recruitment,full_time,permanent,IT Jobs,45000.0,2012-06-13 12:00:00,2012-08-12 12:00:00,www.jobhuntlisting.com
50463,,Triage Nurse Advisor,Bristol,,full_time,contract,Healthcare & Nursing Jobs,44160.0,2012-03-27 12:00:00,2012-05-26 12:00:00,www.jobhuntlisting.com
50539,,Site Maintenance Engineer (ElectroMechanical),Birmingham,Rise Technical Recruitment,full_time,permanent,Engineering Jobs,28500.0,2013-02-01 00:00:00,2013-05-02 00:00:00,www.jobhuntlisting.com
50561,,Field Asset Audit Engineer,Hampshire,Polar Recruitment,full_time,contract,IT Jobs,23040.0,2012-11-19 12:00:00,2013-01-18 12:00:00,www.jobhuntlisting.com
50592,,Deputy Manager Job Bury Nursing Home,Bury,,full_time,non-specified,Healthcare & Nursing Jobs,26499.96,2012-09-15 15:00:00,2012-10-15 15:00:00,www.jobhuntlisting.com
50599,,Two C++ Software Engineers,Hertfordshire,Enterprise Recruitment Ltd,full_time,permanent,Engineering Jobs,39999.96,2013-05-21 12:00:00,2013-06-20 12:00:00,www.jobhuntlisting.com
50602,,Fleet Sales Executive,The City,Persuto Automotive,full_time,permanent,Accounting & Finance Jobs,30000.0,2012-08-02 15:00:00,2012-09-01 15:00:00,www.jobhuntlisting.com
50611,,"Nurse Case Manager, Brigton, F/T",Brighton,Cvbrowser,full_time,permanent,Healthcare & Nursing Jobs,31200.0,2012-06-10 15:00:00,2012-08-09 15:00:00,www.jobhuntlisting.com
50616,,Super CDP Modern Fine Dining Restaurant Central London immediate start,London,Regent Recruitment,full_time,non-specified,Hospitality & Catering Jobs,21000.0,2012-09-24 12:00:00,2012-10-08 12:00:00,www.jobhuntlisting.com
50635,,Commercial FD IT Director,Uk,Wheale Thomas Hodgins   Bristol,full_time,permanent,Accounting & Finance Jobs,90000.0,2013-10-14 12:00:00,2013-12-13 12:00:00,www.jobhuntlisting.com
50648,,Leakage Level 3,Coventry,Matchtech Group Plc.,full_time,non-specified,Engineering Jobs,18720.0,2012-11-02 15:00:00,2013-01-01 15:00:00,www.jobhuntlisting.com
50658,,Inside Sales Representative IT Training Courses,London,Aarca Sales Recruitment,full_time,permanent,Sales Jobs,27000.0,2012-12-20 12:00:00,2013-02-18 12:00:00,www.jobhuntlisting.com
50669,,Sales Executive (Cirencester),Cirencester,Logistics Job Shop,full_time,permanent,Sales Jobs,45500.04,2013-12-02 15:00:00,2014-01-31 15:00:00,www.jobhuntlisting.com
50691,,Calling all Visual C++ Engineers,Cheltenham,,full_time,permanent,IT Jobs,42500.04,2013-07-21 15:00:00,2013-08-20 15:00:00,www.jobhuntlisting.com
50695,,Solar Electrician,Colchester,White Recruitment Ltd,full_time,permanent,Engineering Jobs,28500.0,2013-03-10 15:00:00,2013-04-09 15:00:00,www.jobhuntlisting.com
50726,,Ad Operations Assistant,East Sheen,The Graduate Recruitment Company,full_time,permanent,IT Jobs,20000.04,2012-07-31 12:00:00,2012-10-29 12:00:00,www.jobhuntlisting.com
50778,,Maintenance Engineer Team Leader,Corby,Solos Consultants Ltd,full_time,permanent,Engineering Jobs,37500.0,2012-10-26 12:00:00,2013-01-24 12:00:00,www.jobhuntlisting.com
50789,,Client Engagement Manager,South East London,Cps Group Uk,full_time,permanent,IT Jobs,75000.0,2013-08-29 12:00:00,2013-09-28 12:00:00,www.jobhuntlisting.com
50790,,Interim Financial Accountant / Analyst,Uk,Vitae Financial Recruitment,full_time,contract,Accounting & Finance Jobs,63000.0,2013-02-03 12:00:00,2013-03-05 12:00:00,www.jobhuntlisting.com
50816,,A New Professional Career Part Time / Full Time,Crawley,Hiredonline,part_time,non-specified,Sales Jobs,15000.0,2013-06-23 00:00:00,2013-08-22 00:00:00,www.jobhuntlisting.com
50838,,RMN Leeds,Uk,Capita Resourcing Social Care And Housing,full_time,contract,Healthcare & Nursing Jobs,25920.0,2013-09-18 12:00:00,2013-10-18 12:00:00,www.jobhuntlisting.com
50888,,Secondary Teachers Key Stage ****ey Stage **** and Key Stage ****: Kent,Kent,4Myschools,part_time,contract,Teaching Jobs,30000.0,2012-03-28 12:00:00,2012-04-27 12:00:00,www.jobhuntlisting.com
50964,,IVA Drafter,Uk,Benjamin James Consultancy,full_time,permanent,Accounting & Finance Jobs,20000.04,2013-03-13 12:00:00,2013-06-11 12:00:00,www.jobhuntlisting.com
50975,,Sales Agents Required,Uk,Niagara Healthcare,full_time,non-specified,Sales Jobs,39999.96,2013-12-30 12:00:00,2014-01-13 12:00:00,www.jobhuntlisting.com
51005,,PA To Headmistress,Brighton,Solutions2Recruitment,part_time,permanent,Teaching Jobs,19500.0,2012-12-24 15:00:00,2013-01-23 15:00:00,www.jobhuntlisting.com
51029,,Care Assistants needed in Kidderminster,Kidderminster,Active Assistance,full_time,non-specified,Healthcare & Nursing Jobs,15840.0,2013-10-25 15:00:00,2013-12-24 15:00:00,www.jobhuntlisting.com
51201,,ASPNET Developer MVC****,Surrey,H&R Talent,full_time,contract,IT Jobs,81000.0,2013-05-22 15:00:00,2013-06-21 15:00:00,www.jobhuntlisting.com
51243,,Interim Assistant Accountant,Woking,Robert Half   Guildford,full_time,contract,IT Jobs,24960.0,2012-12-09 00:00:00,2013-01-08 00:00:00,www.jobhuntlisting.com
51244,,Marketing Manager (6 month contract),London,Esp Recruitment,full_time,permanent,"PR, Advertising & Marketing Jobs",30000.0,2012-08-06 12:00:00,2012-11-04 12:00:00,www.jobhuntlisting.com
51289,,Technician Folkestone,Folkestone,Mw Appointments.,full_time,permanent,Accounting & Finance Jobs,18500.04,2013-05-10 15:00:00,2013-07-09 15:00:00,www.jobhuntlisting.com
51292,,International Exhibition Brand Marketing Manager,London,Ttcs Recruitment,full_time,permanent,"PR, Advertising & Marketing Jobs",35000.04,2013-04-14 15:00:00,2013-06-13 15:00:00,www.jobhuntlisting.com
51350,,"Senior Software Engineer (Windows, TCP/IP, Mobile communications)",Farnborough,Optimus Search Limited,full_time,contract,IT Jobs,72000.0,2013-04-17 15:00:00,2013-05-17 15:00:00,www.jobhuntlisting.com
51427,,Entry Level Financial Services,Edinburgh Technopole,Badenoch & Clark   Edinburgh.,full_time,contract,Accounting & Finance Jobs,13920.0,2012-11-14 15:00:00,2012-12-14 15:00:00,www.jobhuntlisting.com
51466,,"PARTTIME ACCOUNTS / ADMIN ASSISTANT, SHEFFIELD",Sheffield,Hot Recruitment Consultants Ltd,full_time,non-specified,Accounting & Finance Jobs,18240.0,2012-03-04 12:00:00,2012-03-18 12:00:00,www.jobhuntlisting.com
51517,,B2B sales Executive (Telematic Industry),Wetherby,Talentweb Limited,full_time,non-specified,Sales Jobs,23000.04,2013-08-04 12:00:00,2013-09-03 12:00:00,www.jobhuntlisting.com
51522,,Human Resources Benefits Payroll Off,Uk,Sf Group,full_time,permanent,Accounting & Finance Jobs,29000.04,2013-11-01 00:00:00,2013-12-01 00:00:00,www.jobhuntlisting.com
51529,,Snr CDP ****K Tadworth,Tadworth,Blue Arrow   Guildford,full_time,non-specified,Hospitality & Catering Jobs,21999.96,2013-08-21 15:00:00,2013-09-20 15:00:00,www.jobhuntlisting.com
51532,,Staff Nurse DayCase Unit,Reading,,full_time,non-specified,Healthcare & Nursing Jobs,24999.96,2012-08-30 15:00:00,2012-10-29 15:00:00,www.jobhuntlisting.com
51585,,1st/2nd Line Support Analyst,Blackpool,Modis,full_time,contract,IT Jobs,30720.0,2013-08-24 00:00:00,2013-09-07 00:00:00,www.jobhuntlisting.com
51591,,Field Sales Executive / New Business Executive,London,Randstad Sales,full_time,non-specified,Sales Jobs,20499.96,2013-06-18 12:00:00,2013-07-02 12:00:00,www.jobhuntlisting.com
51628,,Microsoft Exchange Engineer (Exp of **** mailboxes req),West Malling,Capita Resourcing,full_time,permanent,IT Jobs,42500.04,2012-01-24 00:00:00,2012-04-23 00:00:00,www.jobhuntlisting.com
51636,,Business Performance Analyst,Cambridgeshire,Robertson Bell,full_time,permanent,Accounting & Finance Jobs,35000.04,2012-08-11 15:00:00,2012-11-09 15:00:00,www.jobhuntlisting.com
51695,,ITU Nurses London,London,,full_time,non-specified,Healthcare & Nursing Jobs,59712.0,2013-05-05 12:00:00,2013-07-04 12:00:00,www.jobhuntlisting.com
51700,,Lead Engineer/Technical Authority Power Electronics,Essex,Encore Technical Solutions,full_time,permanent,Engineering Jobs,45000.0,2013-07-06 12:00:00,2013-08-05 12:00:00,www.jobhuntlisting.com
51702,,Document Solutions Field Sales Executive,Wakefield,Concept Recruitment Group Ltd,full_time,permanent,IT Jobs,32499.96,2013-09-14 00:00:00,2013-10-14 00:00:00,www.jobhuntlisting.com
51711,,Sole Charge Book Keeper,Uk,Interaction   Watford,full_time,permanent,Accounting & Finance Jobs,24960.0,2013-08-06 15:00:00,2013-11-04 15:00:00,www.jobhuntlisting.com
51763,,Linux Software Engineer,Frome,Gold Group Ltd.,full_time,permanent,IT Jobs,32499.96,2012-12-13 15:00:00,2013-03-13 15:00:00,www.jobhuntlisting.com
51780,,Senior IBM DB**** Database Administrator,Hertfordshire,At Peak Resourcing,full_time,permanent,IT Jobs,50000.04,2012-03-11 00:00:00,2012-05-10 00:00:00,www.jobhuntlisting.com
51783,,Retail Marketing Coordinator,Buckinghamshire,,full_time,non-specified,"PR, Advertising & Marketing Jobs",26499.96,2013-05-22 00:00:00,2013-06-05 00:00:00,www.jobhuntlisting.com
51789,,Senior C WCF Developer Flexi Working Nottingham ****K,Clifton,Executive Resource Group Ltd,full_time,permanent,IT Jobs,37500.0,2012-03-17 15:00:00,2012-04-16 15:00:00,www.jobhuntlisting.com
51803,,Care Assistant jobs Milton Keynes,Milton Keynes,,part_time,non-specified,Healthcare & Nursing Jobs,14754.96,2013-03-26 12:00:00,2013-05-25 12:00:00,www.jobhuntlisting.com
51807,,Host/Hostess drinks and canape's,London,Hamilton Mayday,full_time,non-specified,Hospitality & Catering Jobs,15840.0,2013-07-22 00:00:00,2013-09-20 00:00:00,www.jobhuntlisting.com
51810,,Facade Designer,Belfast,Hays Specialist Recruitment,full_time,permanent,Engineering Jobs,30000.0,2013-07-28 00:00:00,2013-08-27 00:00:00,www.jobhuntlisting.com
51813,,Senior Quality Technician,Corby,Pmp Solutions,full_time,permanent,Healthcare & Nursing Jobs,24000.0,2012-01-27 12:00:00,2012-02-26 12:00:00,www.jobhuntlisting.com
51830,,Registered Nurse (Independent Sector),Manchester,Ttm Healthcare,full_time,permanent,Healthcare & Nursing Jobs,24999.96,2013-04-29 00:00:00,2013-07-28 00:00:00,www.jobhuntlisting.com
51866,,SAP Business Consultant,Harrogate,Interquest Group,full_time,non-specified,IT Jobs,27500.04,2012-11-01 15:00:00,2012-12-31 15:00:00,www.jobhuntlisting.com
51875,,CHEF DE PARTIE BUCKINGHAMSHIRE ****AA STRAIGHT SHIFTS,Marlow,Support Services Group,full_time,permanent,Hospitality & Catering Jobs,19500.0,2012-09-19 12:00:00,2012-10-19 12:00:00,www.jobhuntlisting.com
51957,,Teacher of English: London Borough of Tower Hamlets,London,,full_time,contract,Teaching Jobs,31200.0,2012-11-03 15:00:00,2012-11-17 15:00:00,www.jobhuntlisting.com
51964,,Experienced IT Support Consultant,Skipton,Recruitment 2000,full_time,permanent,IT Jobs,19500.0,2013-04-27 12:00:00,2013-06-26 12:00:00,www.jobhuntlisting.com
51977,,Commercial Analyst – Media/Content,London,Sauce Recruitment,full_time,permanent,Accounting & Finance Jobs,52500.0,2013-04-08 15:00:00,2013-05-08 15:00:00,www.jobhuntlisting.com
51984,,Trainee Freight Account Manager,Leicestershire,Prime Time Recruitment,full_time,permanent,Sales Jobs,18500.04,2013-01-23 15:00:00,2013-04-23 15:00:00,www.jobhuntlisting.com
51987,,Field Sales Executive / Area Sales Representative,Reading,Glen Callum Associates Ltd,full_time,permanent,Sales Jobs,32499.96,2013-06-15 12:00:00,2013-08-14 12:00:00,www.jobhuntlisting.com
51990,,Senior Car Sales Supervisor,Portsmouth,Adecco Group,full_time,permanent,Sales Jobs,32499.96,2012-02-24 15:00:00,2012-03-25 15:00:00,www.jobhuntlisting.com
52036,,Telesales/Lead Generators,Peterborough,The One Group,full_time,permanent,Sales Jobs,15500.04,2013-04-27 00:00:00,2013-07-26 00:00:00,www.jobhuntlisting.com
52066,,Premium Recovery Investigator,Sevenoaks,Gerrard White,full_time,permanent,Accounting & Finance Jobs,17000.04,2013-07-02 15:00:00,2013-09-30 15:00:00,www.jobhuntlisting.com
52103,,MARKET LIQUIDITY RISK MANAGER,London,Millar Associates,full_time,non-specified,Accounting & Finance Jobs,42500.04,2013-09-26 15:00:00,2013-10-10 15:00:00,www.jobhuntlisting.com
52173,,Network Systems Engineer WiFi,Hertfordshire,Matchtech,full_time,non-specified,Engineering Jobs,47499.96,2013-11-28 15:00:00,2013-12-28 15:00:00,www.jobhuntlisting.com
52207,,Fixed Asset Analyst,Warwickshire,Macildowie Associates.,full_time,permanent,Accounting & Finance Jobs,24999.96,2013-04-19 15:00:00,2013-07-18 15:00:00,www.jobhuntlisting.com
52231,,"Software/Games Developer – C++, Java – West Country AMAZING PACKAGE",Dorset,Precis Recruitment Solutions,full_time,permanent,IT Jobs,54999.96,2013-10-30 15:00:00,2013-11-29 15:00:00,www.jobhuntlisting.com
52319,,Fabric Technician,Newbury,Phoenix Resourcing Services   Prs,full_time,permanent,Engineering Jobs,22500.0,2013-12-16 12:00:00,2014-03-16 12:00:00,www.jobhuntlisting.com
52323,,Year **** **** & **** Primary Teacher (**** Terms),North London,Ppa Education Ltd,full_time,contract,Teaching Jobs,33000.0,2012-11-27 15:00:00,2012-12-11 15:00:00,www.jobhuntlisting.com
52325,,Multiskilled Maintenance Engineer (Mechanical / Electrical),Uk,Rise Technical Recruitment Limited,full_time,permanent,Engineering Jobs,24000.0,2012-09-09 12:00:00,2012-11-08 12:00:00,www.jobhuntlisting.com
52327,,Email Migration Analyst Office ****/MS Exchange,South East London,Reed Technology,full_time,contract,IT Jobs,91440.0,2013-01-26 00:00:00,2013-03-27 00:00:00,www.jobhuntlisting.com
52343,,Lead PHP Developer (LAMP),Oxford,,full_time,permanent,IT Jobs,54999.96,2012-04-04 00:00:00,2012-06-03 00:00:00,www.jobhuntlisting.com
52439,,Process Engineer (Moulding),Swindon,Aes Technical & Executive Consultants,full_time,permanent,Engineering Jobs,36500.04,2013-12-16 12:00:00,2014-03-16 12:00:00,www.jobhuntlisting.com
52465,,Email Template Designer ( Web Design/HTML/CSS ),Uk,It Executive,full_time,permanent,IT Jobs,22500.0,2012-11-08 00:00:00,2012-12-08 00:00:00,www.jobhuntlisting.com
52479,,Warden Call Engineer,Kent,Dt Personnel Ltd,full_time,permanent,Engineering Jobs,20499.96,2012-05-05 15:00:00,2012-06-04 15:00:00,www.jobhuntlisting.com
52494,,Product Validation Engineer,Horsforth,Estio Technology Recruitment,full_time,permanent,IT Jobs,26499.96,2013-03-07 15:00:00,2013-04-06 15:00:00,www.jobhuntlisting.com
52506,,Residential lettings Sales Negotiator,Worcester,Buzzrecruit.Com,full_time,permanent,Sales Jobs,13500.0,2012-04-14 15:00:00,2012-06-13 15:00:00,www.jobhuntlisting.com
52533,,"Application Support Engineer,SQL,IIS,Deployment,TSQL,****k Berks",Reading,Roc Search,full_time,permanent,IT Jobs,41499.96,2013-12-20 00:00:00,2014-01-19 00:00:00,www.jobhuntlisting.com
52561,,CALLING ALL HERTFORDSHIRE SCIENCE TEACHERS,Uk,Teachin,full_time,permanent,Teaching Jobs,31800.0,2012-05-22 15:00:00,2012-08-20 15:00:00,www.jobhuntlisting.com
52592,,Heavy Plant Technician: Bordon / Petersfield,Petersfield,Alecto Recruitment Limited,full_time,permanent,Engineering Jobs,30500.04,2013-02-10 15:00:00,2013-05-11 15:00:00,www.jobhuntlisting.com
52605,,Graduate Sales Marketing Assistant,Uk,Origin Rpm Limited,full_time,permanent,"PR, Advertising & Marketing Jobs",15000.0,2013-07-16 00:00:00,2013-08-15 00:00:00,www.jobhuntlisting.com
52621,,Front of House Temporary Catering Assistants,Woking,Personnel Selection,full_time,non-specified,Hospitality & Catering Jobs,12480.0,2013-07-05 00:00:00,2013-10-03 00:00:00,www.jobhuntlisting.com
52622,,C++ Software Developer / Software Engineer,Burgess Hill,Support Services Group,full_time,permanent,IT Jobs,35000.04,2013-07-13 00:00:00,2013-10-11 00:00:00,www.jobhuntlisting.com
52663,,Part Time Accounts Senior (practice background essential),Sevenoaks,Prospect Recruitment Ltd,part_time,contract,Accounting & Finance Jobs,24999.96,2012-01-13 00:00:00,2012-01-27 00:00:00,www.jobhuntlisting.com
52672,,ITQ Internal Verifier (NVQ and Learn Direct),Birmingham,Km Education Recruitment Ltd,full_time,permanent,Teaching Jobs,25839.96,2013-07-26 00:00:00,2013-08-25 00:00:00,www.jobhuntlisting.com
52730,,Head WaitressStunning ****AA Rosette RestaurantThe CityMonFri****,London,Dine Recruitment,full_time,non-specified,Hospitality & Catering Jobs,24999.96,2013-02-18 12:00:00,2013-04-19 12:00:00,www.jobhuntlisting.com
52735,,Welsh Medium Primary Teachers,Yorkshire And Humberside,Itn Mark Education Cardiff,full_time,contract,Teaching Jobs,21249.96,2013-06-12 15:00:00,2013-07-12 15:00:00,www.jobhuntlisting.com
52737,,French Speaking Helpdesk Analyst,East Sheen,Modis,full_time,permanent,IT Jobs,27500.04,2012-11-04 15:00:00,2012-12-04 15:00:00,www.jobhuntlisting.com
52752,,Support Worker Jobs Hove,Hove,,full_time,non-specified,Healthcare & Nursing Jobs,14379.96,2012-04-19 12:00:00,2012-05-19 12:00:00,www.jobhuntlisting.com
52871,,Business Proposition Lead,Sheffield,Hays Telecoms,full_time,permanent,IT Jobs,36500.04,2012-07-16 15:00:00,2012-10-14 15:00:00,www.jobhuntlisting.com
52895,,Senior Regional Partnership Manager – South,South West England,Ucas,full_time,non-specified,Teaching Jobs,43599.96,2013-06-06 00:00:00,2013-08-05 00:00:00,www.jobhuntlisting.com
52907,,Infrastructure Analyst / 3rd Line Support,Prescot,Rz ,full_time,permanent,IT Jobs,30999.96,2013-12-15 12:00:00,2014-03-15 12:00:00,www.jobhuntlisting.com
52921,,START Worker,Scarborough,North Yorkshire County Council,part_time,non-specified,Healthcare & Nursing Jobs,18711.0,2012-11-03 00:00:00,2013-01-02 00:00:00,www.jobhuntlisting.com
52965,,Web Operations Engineer,East Sheen,Trent Pearce,full_time,permanent,IT Jobs,32499.96,2013-06-13 00:00:00,2013-09-11 00:00:00,www.jobhuntlisting.com
53106,,Food Beverage Manager,Oxfordshire,Adecco,full_time,permanent,Hospitality & Catering Jobs,18750.0,2012-05-29 15:00:00,2012-06-28 15:00:00,www.jobhuntlisting.com
53145,,"Second in Charge teacher of Secondary Science ****i/c, Physics Che",Greenwich,Itper,full_time,contract,Teaching Jobs,36000.0,2013-11-21 12:00:00,2013-12-05 12:00:00,www.jobhuntlisting.com
53156,,Web Application Support Analyst,Kenilworth,I4 Recruitment Account,full_time,non-specified,IT Jobs,32499.96,2013-05-22 00:00:00,2013-07-21 00:00:00,www.jobhuntlisting.com
53201,,Accounting Policy Associate,Gloucestershire,Cmc Consulting,full_time,permanent,Accounting & Finance Jobs,37500.0,2013-05-26 00:00:00,2013-06-25 00:00:00,www.jobhuntlisting.com
53236,,Claims Assistant,London,Plumstead Bond Limited,full_time,non-specified,Accounting & Finance Jobs,27500.04,2013-02-05 15:00:00,2013-04-06 15:00:00,www.jobhuntlisting.com
53240,,Finnish Speaking Market Research,London,Randstad Sales,full_time,non-specified,Sales Jobs,16608.0,2012-10-12 12:00:00,2012-10-26 12:00:00,www.jobhuntlisting.com
